id,name,phone
101,ivan,7001
102,oleg,7002
103,dima,7003
104,anton,7004
105,andrey,7005
106,alex,7006
107,oleg,7007
108,yuri,7008
109,yuri,7009
110,pavel,7010
111,andrey,7011
112,vasya,7012
113,sergey,7013
114,ivan,7014
115,max,7015
116,alex,7016
117,sergey,7017
118,viktor,7018
119,yuri,7019
120,serg,7020
121,alex,7021
122,vasya,7022
123,viktor,7023
124,vasya,7024
125,ivan,7025
126,yuri,7026
127,oleg2,7027
128,oleg,7028
129,alex,7029
130,nikita,7030
131,ivan,7031
132,mikhail,7032
133,oleg,7033
134,pavel,7034
135,viktor,7035
136,mikhail,7036
137,andrey,7037
138,sergey,7038
139,dmitry,7039
140,andrey,7040
141,konstantin,7041
142,konstantin,7042
143,oleg,7043
144,max,7044
145,oleg2,7045
146,vasya,7046
147,andrey,7047
148,dmitry,7048
149,sergey,7049
150,vasya,7050
151,roman,7051
152,konstantin,7052
153,viktor,7053
154,sergey,7054
155,max,7055
156,yuri,7056
157,roman,7057
158,sergey,7058
159,yuri,7059
160,andrey,7060
161,dmitry,7061
162,oleg,7062
163,oleg2,7063
164,konstantin,7064
165,nikita,7065
166,konstantin,7066
167,konstantin,7067
168,viktor,7068
169,oleg,7069
170,sergey,7070
171,nikita,7071
172,vasya,7072
173,yuri,7073
174,nikita,7074
175,oleg2,7075
176,dmitry,7076
177,oleg,7077
178,vasya,7078
179,yuri,7079
180,mikhail,7080
181,max,7081
182,yuri,7082
183,max,7083
184,mikhail,7084
185,dmitry,7085
186,oleg,7086
187,sergey,7087
188,viktor,7088
189,mikhail,7089
190,viktor,7090
191,igor,7091
192,dmitry,7092
193,oleg2,7093
194,pavel,7094
195,oleg,7095
196,pavel,7096
197,yuri,7097
198,vasya,7098
199,vasya,7099
200,oleg,7100
201,ivan,7101
202,dmitry,7102
203,konstantin,7103
204,yuri,7104
205,pavel,7105
206,serg,7106
207,igor,7107
208,sergey,7108
209,max,7109
210,andrey,7110
211,pavel,7111
212,nikita,7112
213,ivan,7113
214,sergey,7114
215,dmitry,7115
216,dmitry,7116
217,oleg2,7117
218,serg,7118
219,oleg,7119
220,vasya,7120
221,alex,7121
222,andrey,7122
223,vasya,7123
224,oleg,7124
225,mikhail,7125
226,andrey,7126
227,roman,7127
228,ivan,7128
229,nikita,7129
230,oleg2,7130
231,alex,7131
232,oleg,7132
233,serg,7133
234,nikita,7134
235,serg,7135
236,andrey,7136
237,roman,7137
238,serg,7138
239,viktor,7139
240,pavel,7140
241,konstantin,7141
242,nikita,7142
243,vasya,7143
244,serg,7144
245,alex,7145
246,mikhail,7146
247,igor,7147
248,alex,7148
249,andrey,7149
250,konstantin,7150
251,roman,7151
252,yuri,7152
253,max,7153
254,yuri,7154
255,sergey,7155
256,sergey,7156
257,igor,7157
258,sergey,7158
259,vasya,7159
260,pavel,7160
261,pavel,7161
262,igor,7162
263,vasya,7163
264,nikita,7164
265,oleg,7165
266,serg,7166
267,ivan,7167
268,viktor,7168
269,vasya,7169
270,viktor,7170
271,roman,7171
272,dmitry,7172
273,konstantin,7173
274,oleg2,7174
275,serg,7175
276,oleg2,7176
277,andrey,7177
278,yuri,7178
279,yuri,7179
280,sergey,7180
281,mikhail,7181
282,alex,7182
283,vasya,7183
284,yuri,7184
285,yuri,7185
286,alex,7186
287,sergey,7187
288,max,7188
289,yuri,7189
290,sergey,7190
291,max,7191
292,mikhail,7192
293,sergey,7193
294,serg,7194
295,yuri,7195
296,oleg,7196
297,igor,7197
298,viktor,7198
299,vasya,7199
300,pavel,7200
301,igor,7201
302,yuri,7202
303,igor,7203
304,ivan,7204
305,viktor,7205
306,andrey,7206
307,andrey,7207
308,ivan,7208
309,konstantin,7209
310,ivan,7210
311,ivan,7211
312,oleg2,7212
313,max,7213
314,andrey,7214
315,max,7215
316,dmitry,7216
317,mikhail,7217
318,andrey,7218
319,yuri,7219
320,viktor,7220
321,viktor,7221
322,vasya,7222
323,oleg2,7223
324,pavel,7224
325,ivan,7225
326,nikita,7226
327,oleg,7227
328,oleg2,7228
329,yuri,7229
330,sergey,7230
331,oleg2,7231
332,vasya,7232
333,andrey,7233
334,max,7234
335,vasya,7235
336,alex,7236
337,sergey,7237
338,yuri,7238
339,nikita,7239
340,ivan,7240
341,igor,7241
342,igor,7242
343,viktor,7243
344,dmitry,7244
345,max,7245
346,nikita,7246
347,dmitry,7247
348,alex,7248
349,dmitry,7249
350,oleg,7250
351,oleg2,7251
352,roman,7252
353,ivan,7253
354,vasya,7254
355,igor,7255
356,pavel,7256
357,viktor,7257
358,roman,7258
359,viktor,7259
360,max,7260
361,vasya,7261
362,max,7262
363,mikhail,7263
364,max,7264
365,max,7265
366,igor,7266
367,serg,7267
368,serg,7268
369,nikita,7269
370,max,7270
371,serg,7271
372,sergey,7272
373,nikita,7273
374,sergey,7274
375,sergey,7275
376,yuri,7276
377,dmitry,7277
378,andrey,7278
379,yuri,7279
380,max,7280
381,sergey,7281
382,ivan,7282
383,serg,7283
384,mikhail,7284
385,oleg,7285
386,viktor,7286
387,mikhail,7287
388,yuri,7288
389,oleg,7289
390,dmitry,7290
391,pavel,7291
392,roman,7292
393,oleg2,7293
394,mikhail,7294
395,sergey,7295
396,alex,7296
397,oleg2,7297
398,andrey,7298
399,sergey,7299
400,vasya,7300
401,viktor,7301
402,serg,7302
403,oleg,7303
404,pavel,7304
405,konstantin,7305
406,sergey,7306
407,yuri,7307
408,konstantin,7308
409,roman,7309
410,nikita,7310
411,oleg2,7311
412,vasya,7312
413,roman,7313
414,serg,7314
415,alex,7315
416,vasya,7316
417,roman,7317
418,andrey,7318
419,pavel,7319
420,oleg,7320
421,andrey,7321
422,andrey,7322
423,vasya,7323
424,pavel,7324
425,oleg,7325
426,roman,7326
427,viktor,7327
428,mikhail,7328
429,viktor,7329
430,oleg,7330
431,serg,7331
432,igor,7332
433,oleg,7333
434,max,7334
435,sergey,7335
436,ivan,7336
437,oleg,7337
438,max,7338
439,alex,7339
440,mikhail,7340
441,pavel,7341
442,oleg,7342
443,nikita,7343
444,oleg2,7344
445,vasya,7345
446,ivan,7346
447,vasya,7347
448,alex,7348
449,andrey,7349
450,sergey,7350
451,pavel,7351
452,vasya,7352
453,max,7353
454,konstantin,7354
455,vasya,7355
456,pavel,7356
457,ivan,7357
458,pavel,7358
459,max,7359
460,roman,7360
461,konstantin,7361
462,max,7362
463,konstantin,7363
464,viktor,7364
465,yuri,7365
466,andrey,7366
467,konstantin,7367
468,vasya,7368
469,ivan,7369
470,pavel,7370
471,yuri,7371
472,nikita,7372
473,nikita,7373
474,ivan,7374
475,alex,7375
476,nikita,7376
477,mikhail,7377
478,ivan,7378
479,yuri,7379
480,oleg,7380
481,nikita,7381
482,andrey,7382
483,dmitry,7383
484,max,7384
485,igor,7385
486,yuri,7386
487,viktor,7387
488,oleg2,7388
489,konstantin,7389
490,roman,7390
491,yuri,7391
492,yuri,7392
493,alex,7393
494,viktor,7394
495,dmitry,7395
496,mikhail,7396
497,oleg,7397
498,sergey,7398
499,oleg,7399
500,konstantin,7400
501,serg,7401
502,dmitry,7402
503,vasya,7403
504,mikhail,7404
505,alex,7405
506,andrey,7406
507,oleg,7407
508,nikita,7408
509,oleg,7409
510,max,7410
511,andrey,7411
512,ivan,7412
513,konstantin,7413
514,mikhail,7414
515,ivan,7415
516,serg,7416
517,andrey,7417
518,dmitry,7418
519,viktor,7419
520,oleg,7420
521,max,7421
522,ivan,7422
523,alex,7423
524,serg,7424
525,vasya,7425
526,viktor,7426
527,konstantin,7427
528,ivan,7428
529,sergey,7429
530,mikhail,7430
531,mikhail,7431
532,andrey,7432
533,roman,7433
534,serg,7434
535,roman,7435
536,ivan,7436
537,mikhail,7437
538,dmitry,7438
539,roman,7439
540,vasya,7440
541,pavel,7441
542,viktor,7442
543,ivan,7443
544,dmitry,7444
545,nikita,7445
546,roman,7446
547,dmitry,7447
548,vasya,7448
549,alex,7449
550,roman,7450
551,roman,7451
552,viktor,7452
553,ivan,7453
554,mikhail,7454
555,oleg2,7455
556,oleg2,7456
557,oleg2,7457
558,viktor,7458
559,serg,7459
560,igor,7460
561,nikita,7461
562,sergey,7462
563,roman,7463
564,serg,7464
565,mikhail,7465
566,sergey,7466
567,yuri,7467
568,roman,7468
569,yuri,7469
570,viktor,7470
571,pavel,7471
572,alex,7472
573,max,7473
574,yuri,7474
575,igor,7475
576,sergey,7476
577,oleg2,7477
578,ivan,7478
579,viktor,7479
580,dmitry,7480
581,igor,7481
582,dmitry,7482
583,yuri,7483
584,pavel,7484
585,alex,7485
586,andrey,7486
587,ivan,7487
588,yuri,7488
589,nikita,7489
590,serg,7490
591,oleg2,7491
592,max,7492
593,vasya,7493
594,yuri,7494
595,andrey,7495
596,oleg2,7496
597,pavel,7497
598,oleg2,7498
599,serg,7499
600,vasya,7500
601,mikhail,7501
602,oleg2,7502
603,serg,7503
604,ivan,7504
605,vasya,7505
606,oleg2,7506
607,nikita,7507
608,igor,7508
609,oleg2,7509
610,oleg,7510
611,yuri,7511
612,oleg,7512
613,serg,7513
614,igor,7514
615,yuri,7515
616,oleg,7516
617,oleg2,7517
618,sergey,7518
619,roman,7519
620,yuri,7520
621,oleg,7521
622,mikhail,7522
623,mikhail,7523
624,vasya,7524
625,sergey,7525
626,pavel,7526
627,pavel,7527
628,yuri,7528
629,dmitry,7529
630,pavel,7530
631,viktor,7531
632,sergey,7532
633,ivan,7533
634,ivan,7534
635,mikhail,7535
636,vasya,7536
637,oleg2,7537
638,ivan,7538
639,max,7539
640,viktor,7540
641,ivan,7541
642,dmitry,7542
643,alex,7543
644,dmitry,7544
645,igor,7545
646,alex,7546
647,konstantin,7547
648,roman,7548
649,dmitry,7549
650,ivan,7550
651,vasya,7551
652,vasya,7552
653,yuri,7553
654,igor,7554
655,yuri,7555
656,oleg,7556
657,ivan,7557
658,igor,7558
659,alex,7559
660,dmitry,7560
661,mikhail,7561
662,dmitry,7562
663,nikita,7563
664,oleg2,7564
665,pavel,7565
666,vasya,7566
667,alex,7567
668,dmitry,7568
669,alex,7569
670,sergey,7570
671,ivan,7571
672,pavel,7572
673,oleg2,7573
674,nikita,7574
675,max,7575
676,oleg,7576
677,dmitry,7577
678,mikhail,7578
679,viktor,7579
680,oleg2,7580
681,mikhail,7581
682,mikhail,7582
683,dmitry,7583
684,oleg,7584
685,ivan,7585
686,oleg,7586
687,sergey,7587
688,igor,7588
689,alex,7589
690,vasya,7590
691,max,7591
692,konstantin,7592
693,yuri,7593
694,sergey,7594
695,max,7595
696,alex,7596
697,yuri,7597
698,viktor,7598
699,alex,7599
700,pavel,7600
701,yuri,7601
702,pavel,7602
703,igor,7603
704,andrey,7604
705,viktor,7605
706,oleg2,7606
707,oleg,7607
708,konstantin,7608
709,nikita,7609
710,andrey,7610
711,nikita,7611
712,roman,7612
713,andrey,7613
714,alex,7614
715,roman,7615
716,dmitry,7616
717,dmitry,7617
718,viktor,7618
719,sergey,7619
720,yuri,7620
721,andrey,7621
722,roman,7622
723,andrey,7623
724,max,7624
725,konstantin,7625
726,vasya,7626
727,ivan,7627
728,konstantin,7628
729,sergey,7629
730,serg,7630
731,mikhail,7631
732,alex,7632
733,ivan,7633
734,igor,7634
735,andrey,7635
736,ivan,7636
737,konstantin,7637
738,oleg2,7638
739,pavel,7639
740,ivan,7640
741,nikita,7641
742,serg,7642
743,oleg,7643
744,vasya,7644
745,igor,7645
746,oleg2,7646
747,ivan,7647
748,oleg,7648
749,mikhail,7649
750,yuri,7650
751,sergey,7651
752,oleg,7652
753,oleg2,7653
754,yuri,7654
755,oleg2,7655
756,dmitry,7656
757,mikhail,7657
758,alex,7658
759,igor,7659
760,mikhail,7660
761,nikita,7661
762,igor,7662
763,viktor,7663
764,konstantin,7664
765,oleg,7665
766,mikhail,7666
767,oleg,7667
768,oleg,7668
769,vasya,7669
770,alex,7670
771,serg,7671
772,viktor,7672
773,sergey,7673
774,yuri,7674
775,ivan,7675
776,igor,7676
777,vasya,7677
778,yuri,7678
779,igor,7679
780,igor,7680
781,oleg2,7681
782,alex,7682
783,sergey,7683
784,roman,7684
785,yuri,7685
786,dmitry,7686
787,yuri,7687
788,roman,7688
789,konstantin,7689
790,igor,7690
791,vasya,7691
792,serg,7692
793,konstantin,7693
794,ivan,7694
795,vasya,7695
796,mikhail,7696
797,konstantin,7697
798,oleg2,7698
799,oleg,7699
800,roman,7700
801,oleg,7701
802,yuri,7702
803,andrey,7703
804,viktor,7704
805,mikhail,7705
806,andrey,7706
807,vasya,7707
808,nikita,7708
809,viktor,7709
810,viktor,7710
811,igor,7711
812,oleg,7712
813,serg,7713
814,roman,7714
815,andrey,7715
816,viktor,7716
817,roman,7717
818,yuri,7718
819,konstantin,7719
820,nikita,7720
821,roman,7721
822,alex,7722
823,vasya,7723
824,pavel,7724
825,oleg,7725
826,max,7726
827,max,7727
828,vasya,7728
829,roman,7729
830,pavel,7730
831,igor,7731
832,andrey,7732
833,alex,7733
834,roman,7734
835,igor,7735
836,igor,7736
837,oleg2,7737
838,mikhail,7738
839,nikita,7739
840,max,7740
841,oleg,7741
842,igor,7742
843,andrey,7743
844,sergey,7744
845,dmitry,7745
846,igor,7746
847,sergey,7747
848,max,7748
849,pavel,7749
850,pavel,7750
851,roman,7751
852,sergey,7752
853,yuri,7753
854,andrey,7754
855,vasya,7755
856,ivan,7756
857,yuri,7757
858,serg,7758
859,dmitry,7759
860,oleg2,7760
861,oleg2,7761
862,roman,7762
863,ivan,7763
864,roman,7764
865,max,7765
866,andrey,7766
867,viktor,7767
868,viktor,7768
869,oleg,7769
870,sergey,7770
871,nikita,7771
872,yuri,7772
873,nikita,7773
874,vasya,7774
875,sergey,7775
876,nikita,7776
877,alex,7777
878,ivan,7778
879,oleg2,7779
880,igor,7780
881,roman,7781
882,max,7782
883,yuri,7783
884,roman,7784
885,roman,7785
886,oleg2,7786
887,sergey,7787
888,yuri,7788
889,oleg,7789
890,viktor,7790
891,ivan,7791
892,andrey,7792
893,vasya,7793
894,yuri,7794
895,pavel,7795
896,oleg,7796
897,pavel,7797
898,sergey,7798
899,max,7799
900,nikita,7800
901,roman,7801
902,roman,7802
903,oleg2,7803
904,andrey,7804
905,oleg2,7805
906,roman,7806
907,dmitry,7807
908,oleg,7808
909,serg,7809
910,vasya,7810
911,igor,7811
912,oleg2,7812
913,sergey,7813
914,max,7814
915,ivan,7815
916,mikhail,7816
917,oleg,7817
918,alex,7818
919,sergey,7819
920,yuri,7820
921,alex,7821
922,oleg,7822
923,max,7823
924,nikita,7824
925,igor,7825
926,serg,7826
927,oleg2,7827
928,oleg,7828
929,nikita,7829
930,ivan,7830
931,igor,7831
932,sergey,7832
933,igor,7833
934,konstantin,7834
935,ivan,7835
936,mikhail,7836
937,mikhail,7837
938,andrey,7838
939,nikita,7839
940,mikhail,7840
941,ivan,7841
942,igor,7842
943,roman,7843
944,dmitry,7844
945,vasya,7845
946,max,7846
947,oleg2,7847
948,sergey,7848
949,mikhail,7849
950,oleg,7850
951,mikhail,7851
952,andrey,7852
953,dmitry,7853
954,serg,7854
955,alex,7855
956,vasya,7856
957,oleg2,7857
958,ivan,7858
959,max,7859
960,viktor,7860
961,serg,7861
962,konstantin,7862
963,igor,7863
964,oleg2,7864
965,max,7865
966,viktor,7866
967,oleg,7867
968,vasya,7868
969,pavel,7869
970,roman,7870
971,oleg2,7871
972,igor,7872
973,andrey,7873
974,alex,7874
975,yuri,7875
976,nikita,7876
977,roman,7877
978,vasya,7878
979,alex,7879
980,vasya,7880
981,ivan,7881
982,sergey,7882
983,yuri,7883
984,andrey,7884
985,oleg2,7885
986,andrey,7886
987,pavel,7887
988,igor,7888
989,roman,7889
990,serg,7890
991,oleg,7891
992,ivan,7892
993,igor,7893
994,igor,7894
995,yuri,7895
996,oleg2,7896
997,vasya,7897
998,pavel,7898
999,dmitry,7899
1000,viktor,7900
1001,serg,7901
1002,pavel,7902
1003,sergey,7903
1004,oleg,7904
1005,ivan,7905
1006,mikhail,7906
1007,serg,7907
1008,oleg,7908
1009,alex,7909
1010,roman,7910
1011,roman,7911
1012,igor,7912
1013,pavel,7913
1014,oleg2,7914
1015,vasya,7915
1016,igor,7916
1017,konstantin,7917
1018,mikhail,7918
1019,vasya,7919
1020,vasya,7920
1021,dmitry,7921
1022,oleg2,7922
1023,mikhail,7923
1024,viktor,7924
1025,yuri,7925
1026,dmitry,7926
1027,yuri,7927
1028,ivan,7928
1029,max,7929
1030,mikhail,7930
1031,igor,7931
1032,dmitry,7932
1033,dmitry,7933
1034,pavel,7934
1035,igor,7935
1036,max,7936
1037,pavel,7937
1038,serg,7938
1039,mikhail,7939
1040,andrey,7940
1041,oleg2,7941
1042,andrey,7942
1043,serg,7943
1044,oleg2,7944
1045,alex,7945
1046,pavel,7946
1047,ivan,7947
1048,pavel,7948
1049,sergey,7949
1050,igor,7950
1051,oleg,7951
1052,mikhail,7952
1053,dmitry,7953
1054,sergey,7954
1055,mikhail,7955
1056,vasya,7956
1057,dmitry,7957
1058,mikhail,7958
1059,igor,7959
1060,vasya,7960
1061,max,7961
1062,sergey,7962
1063,yuri,7963
1064,roman,7964
1065,yuri,7965
1066,sergey,7966
1067,ivan,7967
1068,andrey,7968
1069,andrey,7969
1070,oleg2,7970
1071,nikita,7971
1072,roman,7972
1073,alex,7973
1074,max,7974
1075,mikhail,7975
1076,max,7976
1077,roman,7977
1078,konstantin,7978
1079,konstantin,7979
1080,ivan,7980
1081,pavel,7981
1082,yuri,7982
1083,serg,7983
1084,ivan,7984
1085,nikita,7985
1086,nikita,7986
1087,nikita,7987
1088,sergey,7988
1089,dmitry,7989
1090,yuri,7990
1091,igor,7991
1092,pavel,7992
1093,yuri,7993
1094,oleg2,7994
1095,oleg,7995
1096,oleg2,7996
1097,oleg,7997
1098,alex,7998
1099,oleg2,7999
1099,oleg2,7999
